Company,Website,Company Linkedin Url
AboveBoard,http://www.aboveboard.com,
Accenture,http://www.accenture.com,http://www.linkedin.com/company/accenture
Acosta,http://www.acosta.com,http://www.linkedin.com/company/acosta
Adorama,http://www.adorama.com,http://www.linkedin.com/company/adorama
AGIA Affinity,http://www.agia.com,http://www.linkedin.com/company/agia
AllSTEM Connections,http://www.allstemconnections.com,http://www.linkedin.com/company/allstemconnections
Altruista Health,http://www.altruistahealth.com,http://www.linkedin.com/company/altruista-health
Amazon Web Services (AWS),http://www.amazon.com,http://www.linkedin.com/company/amazon
"AmTrust Financial Services, Inc.",http://www.amtrustfinancial.com,http://www.linkedin.com/company/amtrust-financial-services-inc
Amyris,http://www.amyris.com,http://www.linkedin.com/company/amyris-inc
Aperia,http://www.aperia.com,http://www.linkedin.com/company/aperia-solutions-inc.
APTIM,http://www.aptim.com,http://www.linkedin.com/company/aptimglobal
Arbor Research Collaborative for Health,http://www.arborresearch.org,http://www.linkedin.com/company/arbor-research-collaborative-for-health
Ascii Group LLC,http://www.asciigroup.com,http://www.linkedin.com/company/ascii-group-llc
Aspiration,http://www.aspiration.com,http://www.linkedin.com/company/aspiration-investments
Babich & Associates,http://www.babich.com,http://www.linkedin.com/company/babich-&-associates
Bayside Solutions,http://www.baysidesolutions.com,http://www.linkedin.com/company/bayside-solutions
Brown & Brown Insurance,http://www.bbinsurance.com,http://www.linkedin.com/company/brown-&-brown
BCD Meetings & Events,http://www.bcdme.com,http://www.linkedin.com/company/bcdme
Bravo Technical Resources,http://www.bravotech.com,http://www.linkedin.com/company/bravotech
BRP,http://www.brp.com,http://www.linkedin.com/company/brp
BSI Financial Services,http://www.bsifinancial.com,http://www.linkedin.com/company/bsifinancial
Business Centric Technology,http://www.businesscentrictechnology.com,http://www.linkedin.com/company/avizion-technologies-group
CancerIQ,http://www.canceriq.com,http://www.linkedin.com/company/cancer-iq-inc-
Capgemini,http://www.capgemini.com,http://www.linkedin.com/company/capgemini
Crescent Bank,http://www.cbtno.com,http://www.linkedin.com/company/crescent-bank-&-trust
Cetera Financial Group,http://www.cetera.com,http://www.linkedin.com/company/cetera-financial-group
Configurable Management,http://www.cfg-mgt.com,http://www.linkedin.com/company/configurable-management
Charlton Morris,http://www.charltonmorris.com,http://www.linkedin.com/company/charlton-morris
Citi,http://www.citigroup.com,
Cognitus,http://www.cognitusconsulting.com,http://www.linkedin.com/company/cognitus-global
Cognizant,http://www.cognizant.com,http://www.linkedin.com/company/cognizant
Cogstate,http://www.cogstate.com,http://www.linkedin.com/company/cogstate
ComTec Information Systems (IT),http://www.comtecinfo.com,http://www.linkedin.com/company/comtec-information
ConnectedX Inc.,http://www.connectedxinc.com,
Consolidated Analytics,http://www.consolidatedanalytics.com,http://www.linkedin.com/company/consolidated-analytics
"ConsumerTrack, Inc.",http://www.consumertrack.com,http://www.linkedin.com/company/consumertrack-inc-
Continuum Clinical,http://www.continuumclinical.com,http://www.linkedin.com/company/continuum-clinical
Cora Systems,http://www.corasystems.com,http://www.linkedin.com/company/cora-systems
Cotiviti,http://www.cotiviti.com,http://www.linkedin.com/company/cotiviti
Crain Communications,http://www.crain.com,http://www.linkedin.com/company/crain
Comstock Resources,http://www.crkfrisco.com,
CSG Government Solutions,http://www.csgdelivers.com,http://www.linkedin.com/company/csg-government-solutions
CSI Companies,http://www.csicompanies.com,http://www.linkedin.com/company/csi-companies
Cypress HCM,http://www.cypresshcm.com,http://www.linkedin.com/company/cypress-hcm
D.A. Davidson Companies,http://www.dadavidson.com,http://www.linkedin.com/company/d-a--davidson-&-co-
Dallas Capital Bank,http://www.dallascapitalbank.com,http://www.linkedin.com/company/dallas-capital-bank
Deloitte,http://www.deloitte.com,
Dice,http://www.dice.com,http://www.linkedin.com/company/dice
Digipulse Technologies Inc.,http://www.digipulsetech.com,http://www.linkedin.com/company/digipulse-technologies-inc-
Digital Prospectors,http://www.digitalprospectors.com,http://www.linkedin.com/company/digital-prospectors
DriveTime,http://www.drivetime.com,http://www.linkedin.com/company/drivetime
eClerx,http://www.eclerx.com,http://www.linkedin.com/company/eclerx
Edward Jones,http://www.edwardjones.com,http://www.linkedin.com/company/edward-jones
Elan Partners,http://www.elanpartners.com,http://www.linkedin.com/company/elanpartners
Elevate,http://www.elevateapp.com,http://www.linkedin.com/company/elevate-labs-llc
Eliassen Group,http://www.eliassen.com,http://www.linkedin.com/company/eliassen-group
Ellucian,http://www.ellucian.com,http://www.linkedin.com/company/ellucian
Elsdon Consulting ltd,http://www.elsdonconsulting.com,http://www.linkedin.com/company/elsdon-consulting
Engage Partners Inc.,http://www.engagestaff.com,http://www.linkedin.com/company/engage-partners-inc-
Enlighten Operational Excellence,http://www.enlighten-opex.com,http://www.linkedin.com/company/enlighten-operational-excellence
EPITEC,http://www.epitec.com,http://www.linkedin.com/company/epitec
ettain group,http://www.ettaingroup.com,http://www.linkedin.com/company/ettain-group
Evolent Health,http://www.evolenthealth.com,http://www.linkedin.com/company/evolent-health
EY,http://www.ey.com,http://www.linkedin.com/company/ernstandyoung
FastSpring,http://www.fastspring.com,http://www.linkedin.com/company/fastspring
FedEx Logistics,http://www.fedex.com,
Fidelity Investments,http://www.fidelity.com,http://www.linkedin.com/company/fidelity-investments
First United Bank,http://www.firstunitedbank.com,http://www.linkedin.com/company/firstunitedbank
Fisher Investments,http://www.fisherinvestments.com,http://www.linkedin.com/company/fisher-investments
Florida Blue,http://www.floridablue.com,http://www.linkedin.com/company/florida-blue
GCB Services,http://www.gcbservices.com,http://www.linkedin.com/company/gcb-services
General Dynamics Information Technology,http://www.gdit.com,http://www.linkedin.com/company/gdit
GearsCRM,http://www.gearscrm.com,http://www.linkedin.com/company/gearscrm
Gerber Life Insurance Company,http://www.gerberlife.com,http://www.linkedin.com/company/gerber-life-insurance-company
Concero,http://www.getconcero.com,http://www.linkedin.com/company/get-concero
Get Real Health,http://www.getrealhealth.com,http://www.linkedin.com/company/get-real-health
GBLI | Global Indemnity,http://www.globalindemnity.ie,
Global Soft Technologies LLC,http://www.globalss.com,http://www.linkedin.com/company/globalsoft-
Globe Life,http://www.globeontheweb.com,http://www.linkedin.com/company/globe-insurance
General Motors,http://www.gm.com,http://www.linkedin.com/company/general-motors
GM Financial,http://www.gmfinancial.com,http://www.linkedin.com/company/gm-financial
Planet Technologies,http://www.go-planet.com,http://www.linkedin.com/company/planet-technologies
Goldman Sachs,http://www.goldmansachs.com,http://www.linkedin.com/company/goldman-sachs
Sunpro Solar Energy Specialists,http://www.gosunpro.com,http://www.linkedin.com/company/sunpro-solar-home-specialists
"Global Technology Associates, Ltd.",http://www.gtaprofessionals.com,http://www.linkedin.com/company/gta-professional-staffing
Guardian Life,http://www.guardianlife.com,http://www.linkedin.com/company/the-guardian-life-insurance-company-of-america_164085
GuideWell,http://www.guidewell.com,http://www.linkedin.com/company/guidewell
TestRail by Gurock,http://www.gurock.com,http://www.linkedin.com/company/testrail
Hathway,http://www.hathway.com,http://www.linkedin.com/company/hathway-cable-and-datacom-pvt-ltd
HealthCare Recruiters International,http://www.hcrnetwork.com,http://www.linkedin.com/company/healthcare-recruiters
"Blue Cross and Blue Shield of Illinois, Montana, New Mexico, Oklahoma & Texas",http://www.hcsc.com,
"H&E Equipment Services, Inc.",http://www.he-equipment.com,http://www.linkedin.com/company/hees
Healthtalentpro,http://www.healthtalentpro.com,http://www.linkedin.com/company/healthtalentpro
American Heart Association,http://www.heart.org,http://www.linkedin.com/company/american-heart-association
Hillwood,http://www.hillwood.com,http://www.linkedin.com/company/hillwood
Hilti North America,http://www.hilti.group,http://www.linkedin.com/company/hilti
Hunter International Recruiting,http://www.hirecruiting.com,http://www.linkedin.com/company/hunter-international-recruiting
HireGenics,http://www.hiregenics.com,
HireTalent - Diversity Staffing & Recruiting Firm,http://www.hiretalent.com,http://www.linkedin.com/company/hiretalent_
Hitachi Vantara,http://www.hitachivantara.com,
Horizon Hobby,http://www.horizonhobby.com,http://www.linkedin.com/company/horizon-hobby
HTC Global Services,http://www.htcinc.com,http://www.linkedin.com/company/ciber
Huntington National Bank,http://www.huntington.com,http://www.linkedin.com/company/huntington-national-bank
Kyndryl,http://www.ibm.com,http://www.linkedin.com/company/ibm
Intellectual Capitol (ICAP),http://www.icapsolutions.net,http://www.linkedin.com/company/icap-solutions
2 Tech Inc,http://www.ii-tech.com,http://www.linkedin.com/company/innovationsintechnology
ikon Technologies,http://www.ikontechnologies.com,http://www.linkedin.com/company/ikon-gps
"IMA Financial Group, Inc.",http://www.imacorp.com,http://www.linkedin.com/company/ima-financial-group-inc
Infinite Computer Solutions (ICS),http://www.infinite.com,http://www.linkedin.com/company/infinite-computer-solutions
"InfoIMAGE, Inc.",http://www.infoimageinc.com,http://www.linkedin.com/company/infoimage-inc.
InfoStride,http://www.infostride.com,http://www.linkedin.com/company/infostride
Infosys,http://www.infosys.com,http://www.linkedin.com/company/infosys
InfoVision Inc.,http://www.infovision.com,http://www.linkedin.com/company/infovision
Inovalon,http://www.inovalon.com,http://www.linkedin.com/company/inovalon
Insight Global,http://www.insightglobal.com,http://www.linkedin.com/company/insight-global
Iris Software Inc.,http://www.irissoftware.com,http://www.linkedin.com/company/iris-software-inc.
(ISC)²,http://www.isc2.org,http://www.linkedin.com/company/isc2
isite itecnologies inc,http://www.isiteinfo.com,http://www.linkedin.com/company/isite-technologies
IT Motives,http://www.itmotives.com,http://www.linkedin.com/company/it-motives
"InfoTech Resources, Inc.",http://www.itresources.com,http://www.linkedin.com/company/infotech-resources-inc-
Jack Henry & Associates,http://www.jackhenry.com,http://www.linkedin.com/company/jack-henry-&-associates
JCPenney,http://www.jcpenney.com,http://www.linkedin.com/company/jcpenney
Johnson Controls,http://www.johnsoncontrols.com,http://www.linkedin.com/company/johnson-controls
JPMorgan Chase & Co.,http://www.jpmorganchase.com,http://www.linkedin.com/company/jpmorganchase
JRD Systems,http://www.jrdsi.com,http://www.linkedin.com/company/jrd-systems
June Homes (we're hiring!),http://www.junehomes.com,
"Kaeppel Consulting, LLC",http://www.kaeppelconsulting.com,http://www.linkedin.com/company/kaeppel-consulting
KLM Careers,http://www.klm.com,http://www.linkedin.com/company/klm-careers
Knauf Insulation North America,http://www.knaufnorthamerica.com,http://www.linkedin.com/company/knaufna
KOMMLINk GmbH,http://www.kommlink.de,http://www.linkedin.com/company/kommlink-gmbh
"LanceSoft, Inc.",http://www.lancesoft.com,http://www.linkedin.com/company/lancesoft
Latitude Inc,http://www.latitudeinc.net,http://www.linkedin.com/company/latitudeinc
Lehigh Hanson,http://www.lehighhanson.com,http://www.linkedin.com/company/lehigh-hanson
LTI - Larsen & Toubro Infotech,http://www.lntinfotech.com,http://www.linkedin.com/company/l&t-infotech
Longroad Energy,http://www.longroadenergy.com,http://www.linkedin.com/company/longroad-energy-partners
Lorven Technologies Inc,http://www.lorventech.com,http://www.linkedin.com/company/lorventech
"Levi, Ray & Shoup, Inc. (LRS)",http://www.lrs.com,http://www.linkedin.com/company/lrs
Lume Deodorant,http://www.lumedeodorant.com,http://www.linkedin.com/company/lume-deodorant
Luminos Labs,http://www.luminoslabs.com,http://www.linkedin.com/company/luminos-labs
Lunavi,http://www.lunavi.nl,http://www.linkedin.com/company/lunavi-kraamzorg
Luxoft,http://www.luxoft.com,http://www.linkedin.com/company/luxoft
Lyft,http://www.lyft.com,http://www.linkedin.com/company/lyft
"Martek Global Services, Inc.",http://www.martekglobal.com,http://www.linkedin.com/company/martek-global-services
Mastech Digital,http://www.mastechdigital.com,http://www.linkedin.com/company/mastech
Matlen Silver,http://www.matlensilver.com,http://www.linkedin.com/company/matlen-silver
MATRIX Resources,http://www.matrixres.com,http://www.linkedin.com/company/matrix-resources
Midwest Consulting Group,http://www.mcginfo.com,http://www.linkedin.com/company/midwest-consulting-group
Meridian Technologies,http://www.meridiantechnologies.net,http://www.linkedin.com/company/meridian-technologies
"Metasys Technologies, Inc.",http://www.metasysinc.com,http://www.linkedin.com/company/metasys-technologies-inc-
MFX,http://www.mfxservices.com,http://www.linkedin.com/company/mfx-services
Modis,http://www.modis.com,http://www.linkedin.com/company/modis
Mojo Trek,http://www.mojotrek.com,http://www.linkedin.com/company/mojo-trek
Molina Healthcare,http://www.molinahealthcare.com,http://www.linkedin.com/company/molina-healthcare
MoneyGram International,http://www.moneygram.com,http://www.linkedin.com/company/moneygram-international
Nascent Global,http://www.nascentglobal.com,http://www.linkedin.com/company/nascent-global
National Software Management,http://www.nationalsoftwaremanagement.com,http://www.linkedin.com/company/national-software-management
NBCUniversal,http://www.nbcuniversal.com,http://www.linkedin.com/company/nbcuniversal-inc-
Nelnet,http://www.nelnet.com,http://www.linkedin.com/company/nelnetintl
Ness Digital Engineering,http://www.ness.com,http://www.linkedin.com/company/ness-ses
Neudesic,http://www.neudesic.com,http://www.linkedin.com/company/neudesic
Nolan Transportation Group (NTG),http://www.ntgfreight.com,http://www.linkedin.com/company/nolan-transportation-ntg
NTT DATA Services,http://www.nttdata.com,http://www.linkedin.com/company/ntt-data-americas
Oceaneering,http://www.oceaneering.com,http://www.linkedin.com/company/oceaneering
Oculus VR,http://www.oculus.com,http://www.linkedin.com/company/oculus-vr
OpenText,http://www.opentext.com,http://www.linkedin.com/company/opentext
Oracle,http://www.oracle.com,http://www.linkedin.com/company/oracle
Oregon Lottery,http://www.oregonlottery.org,http://www.linkedin.com/company/oregon-state-lottery
OscarMike,http://www.oscarmike.org,http://www.linkedin.com/company/oscar-mike-foundation
Patriot Talent Solutions,http://www.patriottalent.com,http://www.linkedin.com/company/patriot-talent-solutions
PenFed Credit Union,http://www.penfed.org,http://www.linkedin.com/company/penfed
PENNYMAC,http://www.pennymac.com,http://www.linkedin.com/company/pennymac
Periscope Holdings,http://www.periscopeholdings.com,http://www.linkedin.com/company/periscope-holdings
Philips,http://www.philips.com,http://www.linkedin.com/company/philips
Phyton Talent Advisors,http://www.phytontalent.com,http://www.linkedin.com/company/phytontalent
"Pinnacle Group, Inc.",http://www.pinnacle1.com,http://www.linkedin.com/company/pinnacle-technical-resources
Planet Pharma,http://www.planet-pharma.com,http://www.linkedin.com/company/planet-pharma
Planet Technology,http://www.planet.com.tw,http://www.linkedin.com/company/planet-technology-hq
PLS Logistics Services,http://www.plslogistics.com,http://www.linkedin.com/company/pls-logistics-services
Project Management Institute,http://www.pmi.org,http://www.linkedin.com/company/projectmanagementinstitute
Professional Diversity Network,http://www.prodivnet.com,http://www.linkedin.com/company/prodivnet
Prudential Financial,http://www.prudential.com,http://www.linkedin.com/company/prudential-financial
RAPS Consulting Inc,http://www.rci-usa.com,http://www.linkedin.com/company/raps-consulting-inc.
"RealPage, Inc.",http://www.realpage.com,http://www.linkedin.com/company/realpage
Red Hat,http://www.redhat.com,http://www.linkedin.com/company/red-hat
Resiliency LLC,http://www.resiliency.us,http://www.linkedin.com/company/resiliency-llc
Resolve Tech Solutions,http://www.resolvetech.com,http://www.linkedin.com/company/resolve-tech-solutions
Resource Innovations,http://www.resource-innovations.com,http://www.linkedin.com/company/nexant
RetailMeNot,http://www.retailmenot.com,http://www.linkedin.com/company/retail-me-not
Reyes Beer Division,http://www.reyesbeerdivision.com,http://www.linkedin.com/company/reyes-beer-division
"RIT Solutions, Inc.",http://www.ritsolinc.com,http://www.linkedin.com/company/rit-solutions-inc
Republic National Distributing Company,http://www.rndc-usa.com,http://www.linkedin.com/company/republic-national-distributing-company
Robert Half Technology,http://www.roberthalf.ca,http://www.linkedin.com/company/fraser-studios
Robert Half,http://www.roberthalf.com,http://www.linkedin.com/company/robert-half-international
R Systems,http://www.rsystems.com,http://www.linkedin.com/company/r-systems
Sally Beauty,http://www.sallybeauty.com,http://www.linkedin.com/company/sally-beauty-company
"Schuback Search Associates, Ltd.",http://www.schubacksearch.com,http://www.linkedin.com/company/schuback-search-associates-ltd-
Sentral,http://www.sentral.com.au,http://www.linkedin.com/company/sentral
Surgical Information Systems,http://www.sisfirst.com,http://www.linkedin.com/company/surgical-information-systems
Slalom,http://www.slalom.com,http://www.linkedin.com/company/slalom-consulting
SMCI,http://www.smci.com,http://www.linkedin.com/company/smci
Snagajob,http://www.snagajob.com,http://www.linkedin.com/company/snagajob
SolomonEdwards,http://www.solomonedwards.com,http://www.linkedin.com/company/solomonedwardsgroup
Splunk,http://www.splunk.com,http://www.linkedin.com/company/splunk
Staffing Technologies,http://www.staffingtechnologies.com,http://www.linkedin.com/company/staffing-technologies
STAND 8 Technology Services,http://www.stand8.io,http://www.linkedin.com/company/westand8
"Stratus Technology Services, LLC",http://www.stratustech.com,http://www.linkedin.com/company/stratus-technology-services
Strategic Systems Inc,http://www.strsi.com,http://www.linkedin.com/company/strategic-systems-inc.
UST,http://www.stthomas.edu,http://www.linkedin.com/company/166674
"Synchrony Systems, Inc",http://www.sync-sys.com,http://www.linkedin.com/company/synchrony-systems
Synechron,http://www.synechron.com,http://www.linkedin.com/company/synechron
"TalentBurst, an Inc 5000 company",http://www.talentburst.com,http://www.linkedin.com/company/talentburst
Talentsearchpro,http://www.talentsearchpro.com,http://www.linkedin.com/company/talentsearchpro
Texas A&M University-Commerce,http://www.tamuc.edu,http://www.linkedin.com/company/36631
Tech Mahindra,http://www.techmahindra.com,http://www.linkedin.com/company/tech-mahindra
TekPartners,http://www.tekpartners.com,http://www.linkedin.com/company/tekpartners
Tenable,http://www.tenable.com,http://www.linkedin.com/company/tenableinc
Texas Capital Bank,http://www.texascapitalbank.com,http://www.linkedin.com/company/texas-capital-bank
The Hired Guns,http://www.thehiredguns.com,http://www.linkedin.com/company/thehiredguns
Tietoevry,http://www.tietoevry.com,http://www.linkedin.com/company/tietoevry
Titan Professional Resources,http://www.titanprojobs.com,http://www.linkedin.com/company/titan-professional-resources
TMX Finance Family of Companies,http://www.tmxfinancefamily.com,http://www.linkedin.com/company/tmx-finance
Toyota North America,http://www.toyota.com,http://www.linkedin.com/company/toyota-north-america
"True Group, Inc.",http://www.truegroup.net,http://www.linkedin.com/company/truegroupinc
"Turnberry Solutions, Inc",http://www.turnberrysolutions.com,http://www.linkedin.com/company/turnberrysolutions
University of Illinois System,http://www.uillinois.edu,http://www.linkedin.com/company/uihealth
Ultimate Staffing,http://www.ultimatestaffing.com,http://www.linkedin.com/company/ultimate-staffing
UNIFY Financial Credit Union,http://www.unifyfcu.com,http://www.linkedin.com/company/unify-financial-credit-union
Braintrust,http://www.usebraintrust.com,http://www.linkedin.com/company/usebraintrust
US Tech Solutions,http://www.ustechsolutions.com,http://www.linkedin.com/company/us-tech-solutions
The University of Texas at Dallas,http://www.utdallas.edu,http://www.linkedin.com/company/166681
UT Southwestern Medical Center,http://www.utsouthwestern.edu,http://www.linkedin.com/company/utsw
"Veritone, Inc.",http://www.veritone.com,http://www.linkedin.com/company/veritone-inc-
Vertafore,http://www.vertafore.com,http://www.linkedin.com/company/vertafore
VertexOne,http://www.vertexone.net,http://www.linkedin.com/company/vertex-one
ViaPath Technologies,http://www.viapath.co.uk,http://www.linkedin.com/company/viapath-technologies
Virtual Service Operations,http://www.vso-inc.com,http://www.linkedin.com/company/virtual-service-operations
WellMed Medical Management,http://www.wellmedhealthcare.com,http://www.linkedin.com/company/wellmed-medical-management
Wells Fargo,http://www.wellsfargo.com,http://www.linkedin.com/company/wellsfargo
Wipro Ltd.,http://www.wipro.com,http://www.linkedin.com/company/wipro
Wipro,http://www.wiprodigital.com,http://www.linkedin.com/company/wipro-digital
World Wide Technology,http://www.wwt.com,http://www.linkedin.com/company/world-wide-technology
Zaelab,http://www.zaelab.com,http://www.linkedin.com/company/zaelab
Zendesk,http://www.zendesk.com,http://www.linkedin.com/company/zendesk
,,
,,
Frontier Communications,http://www.frontier.com/,
